{"cameraMode":{"drawMode":0,"name":"Shaded","section":"Shading Mode"},"sceneLighting":true,"audioPlay":false,"sceneViewState":{"showFog":true,"showMaterialUpdate":false,"showSkybox":true,"showFlares":true,"showImageEffects":true,"showParticleSystems":true},"in2DMode":false,"pivot":{"x":-5.199152946472168,"y":9.595601081848145,"z":9.12382698059082},"rotation":{"x":0.10993564873933792,"y":-0.2019137442111969,"z":0.022804396227002145,"w":0.9730657935142517},"size":19.436067581176759,"orthographic":false}